_id,fname,lname,email,password,clerkId,imageUrl,createdAt,updatedAt
661a3b4c5e6f7a8b9c0d1e2f,John,Doe,john.doe@example.com,$2a$10$abcdefghijklmnopqrstuv,user_2abcdefghijklmnopqrstu,https://images.unsplash.com/photo-1472099645785-5658abf4ff4e?w=400&h=400&fit=crop,2024-01-15T10:30:00.000Z,2024-01-15T10:30:00.000Z
661a3b4c5e6f7a8b9c0d1e30,Jane,Smith,jane.smith@example.com,$2a$10$bcdefghijklmnopqrstuvw,user_2bcdefghijklmnopqrstuv,https://images.unsplash.com/photo-1494790108755-2616b786d4d5?w=400&h=400&fit=crop,2024-01-16T14:20:00.000Z,2024-01-16T14:20:00.000Z
661a3b4c5e6f7a8b9c0d1e31,Michael,Johnson,michael.j@example.com,$2a$10$cdefghijklmnopqrstuvwx,user_2cdefghijklmnopqrstuvw,https://images.unsplash.com/photo-1507003211169-0a1dd7228f2d?w=400&h=400&fit=crop,2024-01-17T09:15:00.000Z,2024-01-17T09:15:00.000Z
661a3b4c5e6f7a8b9c0d1e32,Emily,Williams,emily.w@example.com,$2a$10$defghijklmnopqrstuvwxy,user_2defghijklmnopqrstuvwx,https://images.unsplash.com/photo-1438761681033-6461ffad8d80?w=400&h=400&fit=crop,2024-01-18T16:45:00.000Z,2024-01-18T16:45:00.000Z
661a3b4c5e6f7a8b9c0d1e33,Robert,Brown,robert.b@example.com,$2a$10$efghijklmnopqrstuvwxyz,user_2efghijklmnopqrstuvwxy,https://images.unsplash.com/photo-1500648767791-00dcc994a43e?w=400&h=400&fit=crop,2024-01-19T11:30:00.000Z,2024-01-19T11:30:00.000Z
661a3b4c5e6f7a8b9c0d1e34,Sarah,Davis,sarah.d@example.com,$2a$10$fghijklmnopqrstuvwxyza,user_2fghijklmnopqrstuvwxyz,https://images.unsplash.com/photo-1544005313-94ddf0286df2?w=400&h=400&fit=crop,2024-01-20T13:20:00.000Z,2024-01-20T13:20:00.000Z
661a3b4c5e6f7a8b9c0d1e35,David,Miller,david.m@example.com,$2a$10$ghijklmnopqrstuvwxyzab,user_2ghijklmnopqrstuvwxyza,https://images.unsplash.com/photo-1507591064344-4c6ce005b128?w=400&h=400&fit=crop,2024-01-21T08:10:00.000Z,2024-01-21T08:10:00.000Z
661a3b4c5e6f7a8b9c0d1e36,Jennifer,Wilson,jennifer.w@example.com,$2a$10$hijklmnopqrstuvwxyzabc,user_2hijklmnopqrstuvwxyzab,https://images.unsplash.com/photo-1488426862026-3ee34a7d66df?w=400&h=400&fit=crop,2024-01-22T15:40:00.000Z,2024-01-22T15:40:00.000Z
661a3b4c5e6f7a8b9c0d1e37,James,Taylor,james.t@example.com,$2a$10$ijklmnopqrstuvwxyzabcd,user_2ijklmnopqrstuvwxyzabc,https://images.unsplash.com/photo-1506794778202-cad84cf45f1d?w=400&h=400&fit=crop,2024-01-23T12:25:00.000Z,2024-01-23T12:25:00.000Z
661a3b4c5e6f7a8b9c0d1e38,Patricia,Anderson,patricia.a@example.com,$2a$10$jklmnopqrstuvwxyzabcde,user_2jklmnopqrstuvwxyzabcd,https://images.unsplash.com/photo-1554151228-14d9def656e4?w=400&h=400&fit=crop,2024-01-24T09:55:00.000Z,2024-01-24T09:55:00.000Z
661a3b4c5e6f7a8b9c0d1e39,Thomas,Thomas,thomas.t@example.com,$2a$10$klmnopqrstuvwxyzabcdef,user_2klmnopqrstuvwxyzabcde,https://images.unsplash.com/photo-1500462918059-b1a0cb512f1d?w=400&h=400&fit=crop,2024-01-25T17:30:00.000Z,2024-01-25T17:30:00.000Z
661a3b4c5e6f7a8b9c0d1e3a,Elizabeth,Jackson,elizabeth.j@example.com,$2a$10$lmnopqrstuvwxyzabcdefg,user_2lmnopqrstuvwxyzabcdef,https://images.unsplash.com/photo-1544725176-7c40e5a71c5e?w=400&h=400&fit=crop,2024-01-26T10:15:00.000Z,2024-01-26T10:15:00.000Z
661a3b4c5e6f7a8b9c0d1e3b,Christopher,White,chris.w@example.com,$2a$10$mnopqrstuvwxyzabcdefgh,user_2mnopqrstuvwxyzabcdefg,https://images.unsplash.com/photo-1502767089025-6572583495f9?w=400&h=400&fit=crop,2024-01-27T14:50:00.000Z,2024-01-27T14:50:00.000Z
661a3b4c5e6f7a8b9c0d1e3c,Amanda,Harris,amanda.h@example.com,$2a$10$nopqrstuvwxyzabcdefghi,user_2nopqrstuvwxyzabcdefgh,https://images.unsplash.com/photo-1542206395-9feb3edaa681?w=400&h=400&fit=crop,2024-01-28T11:05:00.000Z,2024-01-28T11:05:00.000Z
661a3b4c5e6f7a8b9c0d1e3d,Daniel,Martin,daniel.m@example.com,$2a$10$opqrstuvwxyzabcdefghij,user_2opqrstuvwxyzabcdefghi,https://images.unsplash.com/photo-1568602471122-7832951cc4c5?w=400&h=400&fit=crop,2024-01-29T16:20:00.000Z,2024-01-29T16:20:00.000Z